{"train/global_step": 49, "_timestamp": 1665902389.14779, "global_step": 150, "train/epoch_loss": 0.019945096224546432, "train/epoch_accuracy": 1.0, "_runtime": 197.63949394226074, "_step": 99, "validation/global_step": 49, "validation/evaluation_loss_vs_iterations": 0.11304464191198349, "validation/evaluation_accuracy_vs_iterations": 0.949999988079071, "validation/epoch_loss": 0.11304464191198349, "validation/epoch_accuracy": 0.949999988079071, "_wandb": {"runtime": 205}}