{"train/global_step": 48, "_timestamp": 1665903055.029135, "global_step": 150, "_runtime": 186.33962607383728, "_step": 98, "validation/global_step": 49, "validation/evaluation_loss_vs_iterations": 0.11491131782531738, "validation/evaluation_accuracy_vs_iterations": 0.949999988079071, "validation/epoch_loss": 0.11491131782531738, "validation/epoch_accuracy": 0.949999988079071, "train/epoch_loss": 0.02098863758146763, "train/epoch_accuracy": 1.0}